{
  "session_id": "c2f7d9cd-7b72-465b-84d6-65e79d0ed638",
  "respostas": {
    "idadeFaixaEtaria": "prefiro_nao_responder",
    "estadoCivil": "Prefiro não responder",
    "temDependentes": "Prefiro não responder",
    "rendaMensal": 5500,
    "possuiRendaExtra": "Prefiro não responder",
    "gastosFixos": 1900,
    "gastosVariaveis": 1900,
    "historicoInvestimento": "Sim, já investi, mas não invisto no momento",
    "perfilInvestidor": "Arrojado",
    "periodoSimulacaoMeses": 1,
    "periodoSimulacaoRotulo": "1 mês",
    "objetivoLongoPrazo": "",
    "objetivoLongoPrazoRotulo": "",
    "aposentadoriaRendaDesejadaMensal": 0
  },
  "periodoSimulacaoMeses": 1
}