{
  "answersPath": "/app/data/respostas_questionario/c2f7d9cd-7b72-465b-84d6-65e79d0ed638_20260117-025433.json",
  "date": "2026-01-16",
  "sources": {
    "fonte_1": "/app/data/fonte_1/2026-01-15/fundos_fonte_1.csv",
    "fonte_2": "/app/data/fonte_2/2026-01-16",
    "agregador_rf": "/app/data/agregador_rf/2026-01-15/1m/titulos_agregador_1m.csv",
    "yfinance": "/app/data/yfinance/2026-01-16/indices.csv",
    "yfinance_dir": "/app/data/yfinance/2026-01-16",
    "yfinance_files": [
      "/app/data/yfinance/2026-01-16/bdrx.csv",
      "/app/data/yfinance/2026-01-16/ibov.csv",
      "/app/data/yfinance/2026-01-16/ibovlow.csv",
      "/app/data/yfinance/2026-01-16/ibrx50.csv",
      "/app/data/yfinance/2026-01-16/idiv.csv",
      "/app/data/yfinance/2026-01-16/ifix.csv",
      "/app/data/yfinance/2026-01-16/indices.csv",
      "/app/data/yfinance/2026-01-16/ismartdiv.csv"
    ]
  }
}