fonte,nome,produto,rentabilidade_liquida,rent_12m
AGREGADOR_RF,T_0001,LCA,0.1284,0.1284
AGREGADOR_RF,T_0002,CDB,0.1252,0.1252
AGREGADOR_RF,T_0003,CDB,0.1196,0.1196
AGREGADOR_RF,T_0004,CDB,0.1157,0.1157
AGREGADOR_RF,T_0005,CDB,0.1155,0.1155
AGREGADOR_RF,T_0006,CDB,0.1151,0.1151
AGREGADOR_RF,T_0007,CDB,0.1151,0.1151
AGREGADOR_RF,T_0008,CDB,0.1151,0.1151
AGREGADOR_RF,T_0009,CDB,0.1149,0.1149
AGREGADOR_RF,T_0010,CDB,0.1146,0.1146
AGREGADOR_RF,T_0010,CDB,0.1146,0.1146
AGREGADOR_RF,T_0011,CDB,0.1146,0.1146
AGREGADOR_RF,T_0012,CDB,0.1143,0.1143
AGREGADOR_RF,T_0013,CDB,0.1142,0.1142
AGREGADOR_RF,T_0014,CDB,0.1141,0.1141
AGREGADOR_RF,T_0015,CDB,0.114,0.114
AGREGADOR_RF,T_0016,CDB,0.114,0.114
AGREGADOR_RF,T_0017,CDB,0.114,0.114
AGREGADOR_RF,T_0018,CDB,0.114,0.114
AGREGADOR_RF,T_0019,CDB,0.1134,0.1134
AGREGADOR_RF,T_0020,CDB,0.1129,0.1129
AGREGADOR_RF,T_0021,CDB,0.1095,0.1095
AGREGADOR_RF,T_0022,CDB,0.1095,0.1095
AGREGADOR_RF,T_0023,CDB,0.1095,0.1095
AGREGADOR_RF,T_0024,CDB,0.1095,0.1095
AGREGADOR_RF,T_0025,CDB,0.1084,0.1084
AGREGADOR_RF,T_0026,CDB,0.1073,0.1073
AGREGADOR_RF,T_0027,CDB,0.1073,0.1073
AGREGADOR_RF,T_0028,CDB,0.1061,0.1061
AGREGADOR_RF,T_0029,CDB,0.1061,0.1061
AGREGADOR_RF,T_0030,CDB,0.1039,0.1039
AGREGADOR_RF,T_0031,CDB,0.1005,0.1005
AGREGADOR_RF,T_0032,Tesouro Direto,0.0957,0.0957
AGREGADOR_RF,T_0033,Tesouro Direto,0.0956,0.0956
AGREGADOR_RF,T_0034,Tesouro Direto,0.0952,0.0952
AGREGADOR_RF,T_0035,Tesouro Direto,0.0951,0.0951
AGREGADOR_RF,T_0036,Tesouro Direto,0.0951,0.0951
AGREGADOR_RF,T_0037,CDB,0.1157,0.1157
AGREGADOR_RF,T_0007,CDB,0.1151,0.1151
AGREGADOR_RF,T_0038,CDB,0.1151,0.1151
AGREGADOR_RF,T_0011,CDB,0.1146,0.1146
AGREGADOR_RF,T_0039,CDB,0.114,0.114
AGREGADOR_RF,T_0040,CDB,0.114,0.114
AGREGADOR_RF,T_0041,CDB,0.1137,0.1137
AGREGADOR_RF,T_0042,CDB,0.1128,0.1128
AGREGADOR_RF,T_0043,CDB,0.1126,0.1126
AGREGADOR_RF,T_0044,CDB,0.1126,0.1126
AGREGADOR_RF,T_0045,CDB,0.1123,0.1123
AGREGADOR_RF,T_0046,CDB,0.1117,0.1117
AGREGADOR_RF,T_0047,CDB,0.1112,0.1112
AGREGADOR_RF,T_0048,Tesouro Direto,0.1108,0.1108
AGREGADOR_RF,T_0049,CDB,0.1107,0.1107
AGREGADOR_RF,T_0050,CDB,0.1106,0.1106
AGREGADOR_RF,T_0051,CDB,0.1106,0.1106
AGREGADOR_RF,T_0052,CDB,0.1106,0.1106
AGREGADOR_RF,T_0052,CDB,0.1106,0.1106
AGREGADOR_RF,T_0053,CDB,0.1104,0.1104
AGREGADOR_RF,T_0054,CDB,0.1101,0.1101
AGREGADOR_RF,T_0055,CDB,0.1099,0.1099
AGREGADOR_RF,T_0056,CDB,0.1097,0.1097
AGREGADOR_RF,T_0057,Tesouro Direto,0.1095,0.1095
AGREGADOR_RF,T_0058,CDB,0.1095,0.1095
AGREGADOR_RF,T_0059,CDB,0.1089,0.1089
AGREGADOR_RF,T_0025,CDB,0.1083,0.1083
AGREGADOR_RF,T_0060,Tesouro Direto,0.1052,0.1052
AGREGADOR_RF,T_0061,Tesouro Direto,0.1046,0.1046
AGREGADOR_RF,T_0062,Tesouro Direto,0.1031,0.1031
AGREGADOR_RF,T_0063,Tesouro Direto,0.0979,0.0979
AGREGADOR_RF,T_0064,Tesouro Direto,0.096,0.096
AGREGADOR_RF,T_0065,Tesouro Direto,0.0953,0.0953
AGREGADOR_RF,T_0066,Tesouro Direto,0.0953,0.0953
AGREGADOR_RF,T_0067,Tesouro Direto,0.0947,0.0947
AGREGADOR_RF,T_0068,Tesouro Direto,0.0938,0.0938
AGREGADOR_RF,T_0069,Tesouro Direto,0.0938,0.0938
AGREGADOR_RF,T_0070,Tesouro Direto,0.0938,0.0938
AGREGADOR_RF,T_0071,Tesouro Direto,0.0934,0.0934
AGREGADOR_RF,T_0072,Tesouro Direto,0.0932,0.0932
AGREGADOR_RF,T_0073,Tesouro Direto,0.0927,0.0927
AGREGADOR_RF,T_0074,Tesouro Direto,0.0927,0.0927
AGREGADOR_RF,T_0075,Tesouro Direto,0.0923,0.0923
AGREGADOR_RF,T_0076,Tesouro Direto,0.0919,0.0919
AGREGADOR_RF,T_0077,Tesouro Direto,0.0918,0.0918
AGREGADOR_RF,T_0078,Tesouro Direto,0.0916,0.0916
AGREGADOR_RF,T_0079,Tesouro Direto,0.0915,0.0915
AGREGADOR_RF,T_0080,Tesouro Direto,0.0915,0.0915
AGREGADOR_RF,T_0081,Tesouro Direto,0.0914,0.0914
AGREGADOR_RF,T_0082,Tesouro Direto,0.0911,0.0911
AGREGADOR_RF,T_0083,Tesouro Direto,0.0911,0.0911
AGREGADOR_RF,T_0084,Tesouro Direto,0.0911,0.0911
AGREGADOR_RF,T_0085,Tesouro Direto,0.091,0.091
AGREGADOR_RF,T_0086,Tesouro Direto,0.091,0.091
AGREGADOR_RF,T_0087,Tesouro Direto,0.091,0.091
AGREGADOR_RF,T_0088,Tesouro Direto,0.091,0.091
AGREGADOR_RF,T_0089,Tesouro Direto,0.0909,0.0909
AGREGADOR_RF,T_0090,Tesouro Direto,0.0909,0.0909
AGREGADOR_RF,T_0091,Tesouro Direto,0.0909,0.0909
AGREGADOR_RF,T_0092,Tesouro Direto,0.0909,0.0909
AGREGADOR_RF,T_0093,Tesouro Direto,0.0909,0.0909
AGREGADOR_RF,T_0094,Tesouro Direto,0.0907,0.0907
AGREGADOR_RF,T_0095,Tesouro Direto,0.0907,0.0907
AGREGADOR_RF,T_0096,Tesouro Direto,0.0907,0.0907
AGREGADOR_RF,T_0097,Tesouro Direto,0.0907,0.0907
AGREGADOR_RF,T_0098,Tesouro Direto,0.0905,0.0905
AGREGADOR_RF,T_0099,Tesouro Direto,0.0851,0.0851
AGREGADOR_RF,T_0100,Tesouro Direto,0.0849,0.0849
AGREGADOR_RF,T_0101,Tesouro Direto,0.0792,0.0792
AGREGADOR_RF,T_0102,Tesouro Direto,0.0789,0.0789
AGREGADOR_RF,T_0103,Tesouro Direto,0.0779,0.0779
AGREGADOR_RF,T_0104,Tesouro Direto,0.077,0.077
