fonte,nome,categoria,risco,rent_ano,rent_12m
FUNDOS_FONTE_1,F_1_0001,Renda Fixa,Baixo,0.557646,0.144344
FUNDOS_FONTE_1,F_1_0002,Multimercado,Médio,0.735887,0.289505
FUNDOS_FONTE_1,F_1_0003,Renda Fixa,Médio,0.140565,0.138878
FUNDOS_FONTE_1,F_1_0004,Multimercado,Médio,0.288994,0.168065
FUNDOS_FONTE_1,F_1_0005,Renda Fixa,Médio,0.779033,0.158808
FUNDOS_FONTE_1,F_1_0006,Multimercado,Médio,0.445673,0.13999
FUNDOS_FONTE_1,F_1_0007,Renda Fixa,Médio,0.562175,0.144497
FUNDOS_FONTE_1,F_1_0008,Renda Variável,Alto,0.011797,0.324936
FUNDOS_FONTE_1,F_1_0009,Renda Fixa,Médio,0.514802,0.147908
FUNDOS_FONTE_1,F_1_0010,Multimercado,Médio,-0.032022,0.066161
FUNDOS_FONTE_1,F_1_0011,Renda Fixa,Baixo,0.560079,0.144259
FUNDOS_FONTE_1,F_1_0012,Multimercado,Médio,0.071241,0.815297
FUNDOS_FONTE_1,F_1_0013,Renda Fixa,Médio,0.169313,0.153065
FUNDOS_FONTE_1,F_1_0014,Renda Variável,Alto,0.019746,2.540507
FUNDOS_FONTE_1,F_1_0015,Renda Variável,Alto,0.010081,0.371627
FUNDOS_FONTE_1,F_1_0016,Multimercado,Alto,0.019483,0.345076
FUNDOS_FONTE_1,F_1_0017,Renda Variável,Alto,0.01837,0.233239
FUNDOS_FONTE_1,F_1_0018,Multimercado,Médio,0.071095,0.809457
FUNDOS_FONTE_1,F_1_0019,Multimercado,Médio,0.296184,2.077547
FUNDOS_FONTE_1,F_1_0020,Renda Variável,Alto,0.0232,0.387646
FUNDOS_FONTE_1,F_1_0021,Renda Fixa,Baixo,0.606852,0.143687
FUNDOS_FONTE_1,F_1_0022,Renda Variável,Alto,0.018221,0.330062
FUNDOS_FONTE_1,F_1_0023,Renda Fixa,Baixo,0.609542,0.14467
FUNDOS_FONTE_1,F_1_0024,Multimercado,Médio,0.04736,0.495787
FUNDOS_FONTE_1,F_1_0025,Multimercado,Médio,0.418307,0.126957
FUNDOS_FONTE_1,F_1_0026,Renda Fixa,Médio,0.182235,0.10493
FUNDOS_FONTE_1,F_1_0027,Renda Fixa,Médio,0.533064,0.154749
FUNDOS_FONTE_1,F_1_0028,Multimercado,Médio,0.047496,0.501552
FUNDOS_FONTE_1,F_1_0029,Renda Fixa,Médio,-0.567678,0.110956
FUNDOS_FONTE_1,F_1_0030,Cambial,Médio,-0.018093,-0.064762
FUNDOS_FONTE_1,F_1_0031,Renda Variável,Alto,0.910902,0.336186
FUNDOS_FONTE_1,F_1_0032,Multimercado,Médio,0.479287,0.14151
FUNDOS_FONTE_1,F_1_0033,Multimercado,Médio,0.409481,0.151845
FUNDOS_FONTE_1,F_1_0034,Renda Fixa,Médio,0.481933,0.143677
FUNDOS_FONTE_1,F_1_0035,Cambial,Médio,-0.018595,-0.062117
FUNDOS_FONTE_1,F_1_0036,Renda Fixa,Baixo,0.483976,0.139295
FUNDOS_FONTE_1,F_1_0037,Renda Fixa,Médio,-0.013065,0.110678
FUNDOS_FONTE_1,F_1_0038,Renda Fixa,Médio,0.860063,0.171113
FUNDOS_FONTE_1,F_1_0039,Renda Fixa,Baixo,0.590221,0.138728
FUNDOS_FONTE_1,F_1_0040,Renda Variável,Alto,0.01287,0.364804
FUNDOS_FONTE_1,F_1_0041,Multimercado,Médio,0.322924,0.151771
FUNDOS_FONTE_1,F_1_0042,Renda Fixa,Médio,0.484821,0.143599
FUNDOS_FONTE_1,F_1_0043,Multimercado,Alto,-0.506872,0.062942
FUNDOS_FONTE_1,F_1_0044,Renda Fixa,Médio,0.510944,0.136215
FUNDOS_FONTE_1,F_1_0045,Multimercado,Alto,0.056931,0.143236
FUNDOS_FONTE_1,F_1_0046,Multimercado,Médio,-0.34927,0.100088
FUNDOS_FONTE_1,F_1_0047,Multimercado,Alto,-0.01681,0.124161
FUNDOS_FONTE_1,F_1_0048,Multimercado,Alto,-0.043407,-0.025763
FUNDOS_FONTE_1,F_1_0049,Multimercado,Médio,0.018529,0.101071
FUNDOS_FONTE_1,F_1_0050,Renda Fixa,Médio,0.656035,0.147535
FUNDOS_FONTE_1,F_1_0051,Renda Fixa,Médio,0.655675,0.158014
FUNDOS_FONTE_1,F_1_0052,Renda Fixa,Médio,0.747939,0.17513
FUNDOS_FONTE_1,F_1_0053,Renda Fixa,Médio,0.840235,0.177238
FUNDOS_FONTE_1,F_1_0054,Renda Fixa,Médio,0.457498,0.152893
FUNDOS_FONTE_1,F_1_0055,Multimercado,Médio,0.888337,0.151109
FUNDOS_FONTE_1,F_1_0056,Multimercado,Alto,0.024297,0.391288
FUNDOS_FONTE_1,F_1_0057,Multimercado,Alto,0.017232,0.333522
FUNDOS_FONTE_1,F_1_0058,Multimercado,Médio,0.692353,0.145831
FUNDOS_FONTE_1,F_1_0059,Renda Fixa,Médio,0.046143,0.117806
FUNDOS_FONTE_1,F_1_0060,Multimercado,Baixo,0.647441,0.152379
FUNDOS_FONTE_1,F_1_0061,Renda Variável,Alto,-0.044737,-0.022505
FUNDOS_FONTE_1,F_1_0062,Renda Fixa,Médio,0.532453,0.150671
FUNDOS_FONTE_1,F_1_0063,Multimercado,Médio,0.06182,0.323138
FUNDOS_FONTE_1,F_1_0064,Multimercado,Médio,0.613896,0.121849
FUNDOS_FONTE_1,F_1_0065,Multimercado,Médio,0.817792,0.128568
FUNDOS_FONTE_1,F_1_0066,Renda Fixa,Médio,0.534733,0.138398
FUNDOS_FONTE_1,F_1_0067,Renda Variável,Alto,0.020494,0.0
FUNDOS_FONTE_1,F_1_0068,Multimercado,Alto,-0.257557,0.544558
FUNDOS_FONTE_1,F_1_0067,Renda Variável,Alto,0.02076,0.0
FUNDOS_FONTE_1,F_1_0069,Renda Fixa,Baixo,0.612684,0.144752
FUNDOS_FONTE_1,F_1_0070,Renda Fixa,Médio,0.555666,0.156128
FUNDOS_FONTE_1,F_1_0071,Multimercado,Alto,-0.015688,0.0
FUNDOS_FONTE_1,F_1_0072,Renda Fixa,Médio,0.457567,0.145764
FUNDOS_FONTE_1,F_1_0073,Renda Fixa,Médio,0.355359,0.133779
