fonte,nome,categoria,risco,rent_ano,rent_12m,nome_exibir,bucket,fonte_tipo,weight_in_bucket,bucket_weight,weight,ticker,volatilidade,beta
FUNDOS_FONTE_1,F_1_0053,Renda Fixa,Médio,0.840235,0.177238,F_1_0053,RF,FUND,0.3333333333333333,0.1,0.03333333333333333,,,
FUNDOS_FONTE_1,F_1_0052,Renda Fixa,Médio,0.747939,0.17513,F_1_0052,RF,FUND,0.3333333333333333,0.1,0.03333333333333333,,,
FUNDOS_FONTE_1,F_1_0038,Renda Fixa,Médio,0.860063,0.171113,F_1_0038,RF,FUND,0.3333333333333333,0.1,0.03333333333333333,,,
FUNDOS_FONTE_1,F_1_0019,Multimercado,Médio,0.296184,2.077547,F_1_0019,MM,FUND,0.3333333333333333,0.2,0.06666666666666667,,,
FUNDOS_FONTE_1,F_1_0012,Multimercado,Médio,0.071241,0.815297,F_1_0012,MM,FUND,0.3333333333333333,0.2,0.06666666666666667,,,
FUNDOS_FONTE_1,F_1_0018,Multimercado,Médio,0.071095,0.809457,F_1_0018,MM,FUND,0.3333333333333333,0.2,0.06666666666666667,,,
YF,,,,,2.4927880718162485,COGN3.SA,ACOES,YF,0.3333333333333333,0.7,0.2333333333333333,COGN3.SA,0.4760775335242807,1.6092469911724938
YF,,,,,2.127118402567123,MUTC34.SA,ACOES,YF,0.3333333333333333,0.7,0.2333333333333333,MUTC34.SA,0.6052080191347121,
YF,,,,,1.6439659800036357,LAVV3.SA,ACOES,YF,0.3333333333333333,0.7,0.2333333333333333,LAVV3.SA,0.2773617573836773,1.2713968670438227
