produto,nome,rentabilidade_bruta_cdi,rentabilidade_bruta_anual,rentabilidade_liquida,investimento_minimo
Tesouro Direto,T_0001,,0.126300,0.114700,37.44
Tesouro Direto,T_0002,,0.122600,0.112200,1.68
Tesouro Direto,T_0003,,0.122600,0.112200,2.36
Tesouro Direto,T_0004,,0.122400,0.112000,3.34
Tesouro Direto,T_0005,,0.122400,0.112000,12.95
Tesouro Direto,T_0006,,0.122200,0.111800,4.71
Tesouro Direto,T_0007,,0.122200,0.111800,6.61
Tesouro Direto,T_0008,,0.122200,0.111800,9.27
Tesouro Direto,T_0009,,0.123300,0.111800,39.79
