ticker,participacao
CACR11,0.24
AFHI11,0.304
AJFI11,0.177
ALZR11,0.916
RZAT11,0.278
FATN11,0.273
ARRI11,0.099
AIEC11,0.169
AZPL11,0.101
BBIG11,0.495
BRCR11,0.811
BCIA11,0.226
BCRI11,0.286
BLMG11,0.114
BRCO11,1.273
BROF11,0.446
BTAL11,0.335
BTCI11,0.66
BPML11,0.417
BTHF11,1.29
BTLG11,3.154
CCME11,0.432
CPTS11,1.765
ICRI11,0.254
CLIN11,0.276
CPSH11,0.555
CVBI11,0.67
CYCR11,0.228
DEVA11,0.272
VRTA11,0.861
GTWR11,0.658
GZIT11,0.698
GGRC11,1.071
GARE11,0.963
HABT11,0.455
HCTR11,0.356
HGBS11,1.793
HGCR11,1.047
HGLG11,3.793
HGRE11,0.989
HGRU11,2.091
HTMX11,0.286
HSAF11,0.142
HSLG11,0.734
HSML11,1.291
HFOF11,0.988
IRDM11,1.629
ITRI11,0.348
JSAF11,0.418
JSRE11,0.93
JSCR11,0.128
KISU11,0.216
KNRI11,2.917
KCRE11,0.218
KNHF11,1.289
KNHY11,2.038
KNIP11,5.025
KNCR11,5.815
KNSC11,1.254
KNUQ11,1.523
KFOF11,0.397
KIVO11,0.102
KORE11,0.487
LIFE11,0.23
LVBI11,1.222
MANA11,0.236
MCCI11,1.104
MCRE11,0.708
MXRF11,3.048
MFII11,0.341
OUJP11,0.182
PATL11,0.212
PMIS11,0.082
PMLL11,1.01
PORD11,0.212
PVBI11,1.482
RBRL11,0.395
RBRX11,0.169
RBRY11,0.878
RBRP11,0.442
RBRF11,0.66
RBRR11,0.951
RECR11,1.546
RBFF11,0.129
RCRB11,0.335
RBVA11,1.028
RZAK11,0.517
RZTR11,1.258
RVBI11,0.466
SARE11,0.311
TRBL11,0.332
SPXS11,0.124
SNCI11,0.252
SNEL11,0.238
SNFF11,0.204
TEPP11,0.244
TGAR11,1.425
TVRI11,1.045
TOPP11,0.223
TRXF11,2.278
URPR11,0.328
VGHF11,0.913
VGIP11,0.684
VGIR11,1.024
VCJR11,0.834
VGRI11,0.22
VILG11,0.927
VINO11,0.295
VISC11,2.174
VRTM11,0.231
WHGR11,0.192
XPCI11,0.514
XPLG11,2.193
XPML11,4.296
XPSF11,0.19