ticker,participacao
ALOS3,0.529
ABEV3,2.423
ASAI3,0.635
AURE3,0.161
AZZA3,0.203
B3SA3,3.189
BBSE3,0.928
BBDC3,1.003
BBDC4,4.09
BRAP4,0.196
BBAS3,2.781
BRKM5,0.12
BRAV3,0.394
BRFS3,0.539
BPAC11,2.983
CXSE3,0.397
CEAB3,0.111
CMIG4,0.986
COGN3,0.257
CPLE6,0.945
CSAN3,0.4
CPFE3,0.332
CMIN3,0.398
CURY3,0.218
CVCB3,0.045
CYRE3,0.34
DIRR3,0.241
ELET3,3.84
ELET6,0.606
EMBR3,2.774
ENGI11,0.746
ENEV3,1.354
EGIE3,0.471
EQTL3,2.12
FLRY3,0.328
GGBR4,1.035
GOAU4,0.286
HAPV3,0.588
HYPE3,0.321
IGTI11,0.231
IRBR3,0.175
ISAE4,0.428
ITSA4,3.034
ITUB4,8.223
KLBN11,0.683
RENT3,1.707
LREN3,0.741
MGLU3,0.148
POMO4,0.286
MRFG3,0.2
BEEF3,0.123
MOTV3,0.683
MRVE3,0.143
MULT3,0.407
NATU3,0.338
PCAR3,0.081
PETR3,4.097
PETR4,6.326
RECV3,0.164
PRIO3,1.303
PSSA3,0.423
RADL3,1.023
RAIZ4,0.077
RDOR3,1.989
RAIL3,0.831
SBSP3,3.481
SANB11,0.483
STBP3,0.274
CSNA3,0.267
SLCE3,0.158
SMFT3,0.49
SUZB3,1.555
TAEE11,0.357
VIVT3,1.158
TIMS3,0.856
TOTS3,1.071
UGPA3,1.041
USIM5,0.099
VALE3,11.233
VAMO3,0.095
VBBR3,1.276
VIVA3,0.163
WEGE3,2.598
YDUQ3,0.168