ticker,participacao
ABEV3,2.563
ASAI3,0.671
B3SA3,3.373
BBSE3,0.982
BBDC3,1.061
BBDC4,4.326
BBAS3,2.942
BRAV3,0.416
BRFS3,0.57
BPAC11,3.155
CMIG4,1.043
COGN3,0.272
CPLE6,0.999
CSAN3,0.424
CYRE3,0.36
ELET3,4.402
EMBR3,2.934
ENGI11,0.789
ENEV3,1.432
EQTL3,2.243
GGBR4,1.095
HAPV3,0.622
HYPE3,0.339
ITSA4,3.209
ITUB4,9.957
KLBN11,0.722
RENT3,1.806
LREN3,0.784
MGLU3,0.156
POMO4,0.302
MRFG3,0.212
MOTV3,0.723
MULT3,0.43
NATU3,0.357
PETR3,5.703
PETR4,6.692
PRIO3,1.379
RADL3,1.082
RDOR3,2.103
RAIL3,0.879
SBSP3,4.221
CSNA3,0.282
SUZB3,1.644
VIVT3,1.225
TIMS3,0.905
TOTS3,1.133
UGPA3,1.101
VALE3,11.882
VBBR3,1.349
WEGE3,2.749