ticker,participacao
ABCB4,0.469
AURE3,0.955
BRSR6,0.647
BBSE3,5.52
BRBI11,0.226
BBDC3,4.597
BBDC4,4.507
BRAP4,1.168
BBAS3,4.75
AGRO3,0.363
CXSE3,2.362
CMIG4,5.865
CSMG3,1.662
CPFE3,1.976
CMIN3,2.365
CURY3,1.296
DIRR3,1.433
EGIE3,2.8
EVEN3,0.396
FESA4,0.285
FLRY3,1.951
GOAU4,1.701
GRND3,0.395
RANI3,0.229
ISAE4,2.548
ITSA4,4.148
ITUB3,4.207
ITUB4,3.888
JHSF3,0.428
KEPL3,0.381
KLBN11,3.207
LAVV3,0.3
POMO4,1.698
MRFG3,1.19
LEVE3,0.419
ODPV3,0.932
PGMN3,0.194
PETR3,4.796
PETR4,5.06
RECV3,0.978
SAPR11,1.983
STBP3,1.626
CSNA3,1.585
SYNE3,0.117
TAEE11,2.122
TGMA3,0.326
TIMS3,3.615
UNIP6,0.933
VALE3,4.418
VLID3,0.444
VULC3,0.539